node,type,degree,betweenness_centrality
Circulation_011,room,23,0.598224
Circulation_001,room,21,0.558094
Circulation_008,room,14,0.527372
Door_008,Aperture,2,0.469601
Door_010,Aperture,2,0.460232
Circulation_004,room,13,0.445408
Circulation_005,room,12,0.199641
Circulation_013,room,21,0.196028
Door_011,Aperture,2,0.189109
Door_001,Aperture,2,0.177951
Circulation_006,room,20,0.171889
Circulation_010,room,11,0.169222
Door_009,Aperture,2,0.16659
04_Common_Space,room,7,0.155608
Door_005,Aperture,2,0.143214
Circulation_002,room,4,0.140775
Door_050,Aperture,2,0.139217
Door_006,Aperture,2,0.132348
Door_012,Aperture,2,0.121076
Circulation_012,room,17,0.120442
Circulation_007,room,12,0.102874
Door_004,Aperture,2,0.097336
Door_051,Aperture,3,0.080936
Circulation_003,room,3,0.076324
Door_002,Aperture,2,0.074473
Door_055,Aperture,3,0.072929
Door_052,Aperture,2,0.071565
Door_003,Aperture,2,0.067979
Door_007,Aperture,2,0.06774
Door_053,Aperture,2,0.067696
BOILER ROOM,room,2,0.065975
Door_020,Aperture,2,0.064493
Door_038,Aperture,2,0.045663
Door_163,Aperture,2,0.041575
08_Gym,room,4,0.040892
Parking_93,room,5,0.038922
Door_173,Aperture,2,0.036766
Parking_12,room,2,0.036677
Parking7,room,3,0.032198
Door_162,Aperture,2,0.031847
Parking6,room,3,0.028267
01_Lobby,room,3,0.025664
Door_035,Aperture,2,0.025657
Door_171,Aperture,2,0.025003
Parking_85,room,5,0.023054
Window_019,Aperture,2,0.021753
Door_084,Aperture,2,0.021753
010_Circulaction,room,3,0.020641
Door_047,Aperture,2,0.020583
Window_001,Aperture,2,0.020583
Parking8,room,2,0.020148
Door_088,Aperture,2,0.019859
Parking_99,room,6,0.019804
Door_087,Aperture,2,0.019672
Door_086,Aperture,2,0.019586
Door_165,Aperture,2,0.019419
Door_167,Aperture,2,0.018525
Door_085,Aperture,2,0.018156
Door_089,Aperture,2,0.017591
Door_172,Aperture,2,0.017321
05_FAmily_Room,room,4,0.015524
02_Retail_space,room,3,0.015509
Door_170,Aperture,2,0.015468
Door_046,Aperture,2,0.015307
Window_032,Aperture,2,0.015307
Parking_89,room,2,0.014874
Parking_90,room,2,0.014712
Parking_91,room,2,0.01463
Parking_11,room,2,0.014553
Door_169,Aperture,2,0.014433
Parking10,room,2,0.013659
Parking_92,room,2,0.013221
Parking1,room,3,0.013174
Parking_66,room,4,0.012777
Parking_88,room,2,0.012549
Parking2,room,3,0.012438
Window_021,Aperture,2,0.011981
Door_078,Aperture,2,0.011981
Window_017,Aperture,2,0.010915
Window_018,Aperture,2,0.010915
Window_015,Aperture,2,0.010912
Door_093,Aperture,2,0.010912
Door_061,Aperture,2,0.010349
Window_011,Aperture,2,0.010228
Door_082,Aperture,2,0.009974
Door_081,Aperture,2,0.009868
Door_164,Aperture,2,0.009855
Door_080,Aperture,2,0.009835
Parking9,room,2,0.009578
Door_166,Aperture,2,0.009025
Door_079,Aperture,2,0.008433
Door_083,Aperture,2,0.007564
Window_013,Aperture,2,0.007027
Door_092,Aperture,2,0.007027
Parking5,room,3,0.006592
Parking4,room,3,0.005948
Parking_97,room,3,0.005913
Parking_96,room,3,0.005776
Window_005,Aperture,2,0.005669
03_service kitchenette,room,4,0.005657
Door_016,Aperture,3,0.005625
Door_015,Aperture,3,0.005625
Parking3,room,3,0.005623
Parking_95,room,3,0.005557
Parking_77,room,4,0.005211
recycling_room_01,room,2,0.005189
Door_161,Aperture,2,0.005189
Door_159,Aperture,2,0.005189
Door_160,Aperture,2,0.005189
Door_146,Aperture,2,0.005189
Door_154,Aperture,2,0.005189
Door_155,Aperture,2,0.005189
Door_156,Aperture,2,0.005189
Door_151,Aperture,2,0.005189
Door_148,Aperture,2,0.005189
Door_152,Aperture,2,0.005189
Door_157,Aperture,2,0.005189
Door_150,Aperture,2,0.005189
Door_149,Aperture,2,0.005189
Door_158,Aperture,2,0.005189
Door_147,Aperture,2,0.005189
Door_153,Aperture,2,0.005189
Door_139,Aperture,2,0.005189
Door_144,Aperture,2,0.005189
Door_142,Aperture,2,0.005189
Door_145,Aperture,2,0.005189
Door_141,Aperture,2,0.005189
Door_137,Aperture,2,0.005189
Door_136,Aperture,2,0.005189
Door_138,Aperture,2,0.005189
Door_135,Aperture,2,0.005189
Door_140,Aperture,2,0.005189
Door_134,Aperture,2,0.005189
Door_133,Aperture,2,0.005189
Door_143,Aperture,2,0.005189
Door_125,Aperture,2,0.005189
Door_130,Aperture,2,0.005189
Door_126,Aperture,2,0.005189
Door_122,Aperture,2,0.005189
Door_121,Aperture,2,0.005189
Door_124,Aperture,2,0.005189
Door_131,Aperture,2,0.005189
Door_129,Aperture,2,0.005189
Door_132,Aperture,2,0.005189
Door_127,Aperture,2,0.005189
Door_128,Aperture,2,0.005189
Door_123,Aperture,2,0.005189
Door_119,Aperture,2,0.005189
Door_118,Aperture,2,0.005189
Door_120,Aperture,2,0.005189
Door_114,Aperture,2,0.005189
Door_112,Aperture,2,0.005189
Door_117,Aperture,2,0.005189
Door_109,Aperture,2,0.005189
Door_116,Aperture,2,0.005189
Door_111,Aperture,2,0.005189
Door_115,Aperture,2,0.005189
Door_110,Aperture,2,0.005189
Door_113,Aperture,2,0.005189
Door_104,Aperture,2,0.005189
Door_106,Aperture,2,0.005189
Door_103,Aperture,2,0.005189
Door_101,Aperture,2,0.005189
Door_098,Aperture,2,0.005189
Door_096,Aperture,2,0.005189
Door_100,Aperture,2,0.005189
Door_102,Aperture,2,0.005189
Door_095,Aperture,2,0.005189
Door_099,Aperture,2,0.005189
Door_105,Aperture,2,0.005189
Door_107,Aperture,2,0.005189
Door_097,Aperture,2,0.005189
Door_090,Aperture,2,0.005189
Door_091,Aperture,2,0.005189
Door_094,Aperture,2,0.005189
Door_071,Aperture,2,0.005189
Door_070,Aperture,2,0.005189
Door_072,Aperture,2,0.005189
Door_069,Aperture,2,0.005189
Door_077,Aperture,2,0.005189
Door_076,Aperture,2,0.005189
Door_074,Aperture,2,0.005189
Door_075,Aperture,2,0.005189
Door_073,Aperture,2,0.005189
Door_062,Aperture,2,0.005189
Door_068,Aperture,2,0.005189
Door_066,Aperture,2,0.005189
Door_059,Aperture,2,0.005189
Door_064,Aperture,2,0.005189
Door_065,Aperture,2,0.005189
Door_067,Aperture,2,0.005189
Door_063,Aperture,2,0.005189
Door_060,Aperture,2,0.005189
Door_058,Aperture,2,0.005189
Door_057,Aperture,2,0.005189
Door_044,Aperture,2,0.005189
Door_056,Aperture,2,0.005189
Door_054,Aperture,2,0.005189
Door_045,Aperture,2,0.005189
Door_041,Aperture,2,0.005189
Door_034,Aperture,2,0.005189
Door_040,Aperture,2,0.005189
Door_042,Aperture,2,0.005189
Door_033,Aperture,2,0.005189
Door_039,Aperture,2,0.005189
Door_043,Aperture,2,0.005189
Door_021,Aperture,2,0.005189
Door_022,Aperture,2,0.005189
Door_017,Aperture,2,0.005189
Door_168,Aperture,2,0.004898
Parking_98,room,3,0.004514
Window_010,Aperture,2,0.00343
Window_009,Aperture,2,0.00343
Door_108,Aperture,2,0.00343
Parking_94,room,2,0.002663
Door_018,Aperture,2,0.002587
Door_019,Aperture,2,0.002587
Window_004,Aperture,2,0.001671
Window_003,Aperture,2,0.001574
Window_002,Aperture,2,0.001423
Window_006,Aperture,2,0.001202
Window_026,Aperture,2,0.000892
Window_025,Aperture,2,0.00088
Window_027,Aperture,2,0.000814
Window_028,Aperture,2,0.000626
011_community_hall,room,7,0.00049
Window_031,Aperture,2,0.000436
Window_029,Aperture,2,0.00032
Door_027,Aperture,2,0.000115
Door_028,Aperture,2,0.000115
ELECTRICAL_SUBSTATION,room,2,7e-06
Elevator_01_Tower_01,room,1,0.0
Elevator_02_Tower_01,room,1,0.0
Parking_28,room,1,0.0
Parking_50,room,1,0.0
Parking_42,room,1,0.0
Parking_38,room,1,0.0
Stair_02_Tower_01,room,1,0.0
object_1,room,1,0.0
Parking_34,room,1,0.0
Parking_40,room,1,0.0
Elevator_02_Tower_02,room,1,0.0
Parking_29,room,1,0.0
Parking_58,room,1,0.0
Parking_57,room,1,0.0
Stair_01_Tower_02,room,1,0.0
recycling_room_02,room,1,0.0
recycling_room_03,room,1,0.0
Stair_01_Tower_01,room,1,0.0
Parking_41,room,1,0.0
Parking_31,room,1,0.0
Parking_47,room,1,0.0
Parking_44,room,1,0.0
Parking_43,room,1,0.0
Parking_32,room,1,0.0
POWER PLANT,room,1,0.0
Parking_35,room,1,0.0
Stair_02_Tower_02,room,1,0.0
Parking_49,room,1,0.0
Parking_36,room,1,0.0
Parking_33,room,1,0.0
Elevator_01_Tower_02,room,1,0.0
Parking_48,room,1,0.0
Parking_46,room,1,0.0
Parking_45,room,1,0.0
Parking_37,room,1,0.0
07_service_area,room,1,0.0
Parking_39,room,1,0.0
Parking_13,room,1,0.0
Parking_14,room,1,0.0
Parking_15,room,1,0.0
Parking_16,room,1,0.0
Storage_room_008,room,1,0.0
Parking_56,room,1,0.0
Parking_24,room,1,0.0
Storage_room_006,room,1,0.0
Parking_53,room,1,0.0
Parking_26,room,1,0.0
Parking_52,room,1,0.0
Parking_67,room,1,0.0
Parking_55,room,1,0.0
Parking_101,room,1,0.0
Parking_70,room,1,0.0
object_2,room,1,0.0
Storage_room_009,room,1,0.0
object_3,room,1,0.0
Parking_30,room,1,0.0
Parking_100,room,1,0.0
Storage_room_011,room,1,0.0
Storage_room_013,room,1,0.0
Parking_20,room,1,0.0
Parking_27,room,1,0.0
Storage_room_015,room,1,0.0
Storage_room_012,room,1,0.0
Parking_71,room,1,0.0
Parking_23,room,1,0.0
Storage_room_005,room,1,0.0
Storage_room_010,room,1,0.0
Parking_19,room,1,0.0
Parking_21,room,1,0.0
Storage_room_017,room,1,0.0
Parking_51,room,1,0.0
Storage_room_016,room,1,0.0
Storage_room_018,room,1,0.0
Parking_25,room,1,0.0
06_Major_Office,room,1,0.0
09_Storage_public,room,1,0.0
Parking_22,room,1,0.0
Parking_54,room,1,0.0
Storage_room_007,room,1,0.0
Storage_room_004,room,1,0.0
Storage_room_014,room,1,0.0
Storage_room_003,room,1,0.0
Parking_18,room,1,0.0
Parking_17,room,1,0.0
08_Bathroom_Gym,room,1,0.0
Parking_83,room,1,0.0
Parking_73,room,1,0.0
Parking_65,room,1,0.0
Parking_60,room,1,0.0
Storage_room_002,room,1,0.0
Parking_82,room,1,0.0
Parking_81,room,1,0.0
Parking_76,room,1,0.0
Parking_74,room,1,0.0
Parking_78,room,1,0.0
Parking_59,room,1,0.0
Parking_86,room,1,0.0
Parking_79,room,1,0.0
Parking_80,room,1,0.0
Parking_84,room,1,0.0
011_BAthroom_community_hall_01,room,1,0.0
Parking_64,room,1,0.0
Parking_75,room,1,0.0
Parking_61,room,1,0.0
Parking_87,room,1,0.0
Parking_72,room,1,0.0
011_BAthroom_community_hall_02,room,1,0.0
Parking_63,room,1,0.0
Parking_62,room,1,0.0
Window_014,Aperture,1,0.0
Window_008,Aperture,1,0.0
Window_016,Aperture,1,0.0
Window_022,Aperture,1,0.0
Window_020,Aperture,1,0.0
Window_012,Aperture,1,0.0
Door_049,Aperture,1,0.0
Door_048,Aperture,1,0.0
Door_029,Aperture,1,0.0
Door_037,Aperture,1,0.0
Door_036,Aperture,1,0.0
Door_032,Aperture,1,0.0
Door_031,Aperture,1,0.0
Door_030,Aperture,1,0.0
Door_025,Aperture,1,0.0
Door_024,Aperture,1,0.0
Door_023,Aperture,1,0.0
Door_026,Aperture,1,0.0
Door_014,Aperture,1,0.0
Door_013,Aperture,1,0.0
Window_034,Aperture,1,0.0
Window_037,Aperture,1,0.0
Window_033,Aperture,1,0.0
Window_038,Aperture,1,0.0
Window_039,Aperture,1,0.0
Window_042,Aperture,1,0.0
Window_035,Aperture,1,0.0
Window_040,Aperture,1,0.0
Window_030,Aperture,1,0.0
Window_036,Aperture,1,0.0
Window_041,Aperture,1,0.0
Window_024,Aperture,1,0.0
Window_023,Aperture,1,0.0
Window_007,Aperture,1,0.0
Room_041,room,0,0.0
object_4,room,0,0.0
Room_104,room,0,0.0
Room_105,room,0,0.0
06_Bathroom_Major_Office,room,0,0.0
05_BAthroom_FAmily_Room,room,0,0.0
Room_124,room,0,0.0
Room_123,room,0,0.0
Room_139,room,0,0.0
Room_121,room,0,0.0
Room_169,room,0,0.0
Room_170,room,0,0.0
Room_122,room,0,0.0
Room_120,room,0,0.0
Room_168,room,0,0.0
Room_171,room,0,0.0
05_BAthroom_FAmily_Room_01,room,0,0.0
Room_172,room,0,0.0
