start_room,street_exit,street_exit_label,via_nodes,path_length_model_units,hops,path
05_FAmily_Room,Door_048,Door_048 via Door_061,Door_061,77.33861,11,05_FAmily_Room -> Window_001 -> Parking6 -> Door_162 -> Parking_12 -> Door_163 -> Circulation_010 -> Door_009 -> Circulation_011 -> Door_061 -> recycling_room_01 -> Door_061
09_Storage_public,Door_049,Principal pedestrian exit,,68.755109,7,09_Storage_public -> Door_034 -> 010_Circulaction -> Door_035 -> 08_Gym -> Door_038 -> Circulation_001 -> Door_049
recycling_room_03,Door_048,Door_048 via Door_061,Door_061,68.576268,7,recycling_room_03 -> Door_059 -> Circulation_010 -> Door_009 -> Circulation_011 -> Door_061 -> recycling_room_01 -> Door_061
08_Bathroom_Gym,Door_049,Principal pedestrian exit,,67.297971,7,08_Bathroom_Gym -> Door_033 -> 010_Circulaction -> Door_035 -> 08_Gym -> Door_038 -> Circulation_001 -> Door_049
Parking5,Door_048,Door_048 via Door_061,Door_061,66.631674,13,Parking5 -> Window_003 -> Parking4 -> Window_004 -> Parking3 -> Window_005 -> Parking2 -> Door_170 -> Parking8 -> Door_171 -> Circulation_011 -> Door_061 -> recycling_room_01 -> Door_061
object_1,Door_049,Principal pedestrian exit,,66.466277,7,object_1 -> Door_017 -> 02_Retail_space -> Door_047 -> 01_Lobby -> Door_046 -> Circulation_001 -> Door_049
Parking_51,Door_048,Door_048 via Door_061,Door_061,66.075591,7,Parking_51 -> Door_126 -> Circulation_012 -> Door_012 -> Circulation_011 -> Door_061 -> recycling_room_01 -> Door_061
010_Circulaction,Door_049,Principal pedestrian exit,,65.258929,5,010_Circulaction -> Door_035 -> 08_Gym -> Door_038 -> Circulation_001 -> Door_049
Parking6,Door_048,Door_048 via Door_061,Door_061,65.183477,9,Parking6 -> Door_162 -> Parking_12 -> Door_163 -> Circulation_010 -> Door_009 -> Circulation_011 -> Door_061 -> recycling_room_01 -> Door_061
Parking10,Door_048,Door_048 via Door_061,Door_061,64.966179,7,Parking10 -> Door_167 -> Circulation_010 -> Door_009 -> Circulation_011 -> Door_061 -> recycling_room_01 -> Door_061
Parking_17,Door_048,Door_048 via Door_061,Door_061,64.779244,7,Parking_17 -> Door_157 -> Circulation_010 -> Door_009 -> Circulation_011 -> Door_061 -> recycling_room_01 -> Door_061
Parking_58,Door_048,Door_048 via Door_061,Door_061,64.593523,7,Parking_58 -> Door_119 -> Circulation_012 -> Door_012 -> Circulation_011 -> Door_061 -> recycling_room_01 -> Door_061
Parking_52,Door_048,Door_048 via Door_061,Door_061,63.260162,7,Parking_52 -> Door_125 -> Circulation_012 -> Door_012 -> Circulation_011 -> Door_061 -> recycling_room_01 -> Door_061
02_Retail_space,Door_049,Principal pedestrian exit,,62.681947,5,02_Retail_space -> Door_047 -> 01_Lobby -> Door_046 -> Circulation_001 -> Door_049
Parking_11,Door_048,Door_048 via Door_061,Door_061,62.224423,7,Parking_11 -> Door_165 -> Circulation_010 -> Door_009 -> Circulation_011 -> Door_061 -> recycling_room_01 -> Door_061
Parking_57,Door_048,Door_048 via Door_061,Door_061,61.787748,7,Parking_57 -> Door_120 -> Circulation_012 -> Door_012 -> Circulation_011 -> Door_061 -> recycling_room_01 -> Door_061
Parking_16,Door_048,Door_048 via Door_061,Door_061,61.787197,7,Parking_16 -> Door_158 -> Circulation_010 -> Door_009 -> Circulation_011 -> Door_061 -> recycling_room_01 -> Door_061
Parking_18,Door_049,Principal pedestrian exit,,61.336232,5,Parking_18 -> Door_156 -> Circulation_008 -> Door_008 -> Circulation_001 -> Door_049
Parking_28,Door_049,Principal pedestrian exit,,60.960451,5,Parking_28 -> Door_146 -> Circulation_008 -> Door_008 -> Circulation_001 -> Door_049
Parking_41,Door_049,Principal pedestrian exit,,60.960433,5,Parking_41 -> Door_056 -> Circulation_008 -> Door_008 -> Circulation_001 -> Door_049
Parking4,Door_048,Door_048 via Door_061,Door_061,60.6446,11,Parking4 -> Window_004 -> Parking3 -> Window_005 -> Parking2 -> Door_170 -> Parking8 -> Door_171 -> Circulation_011 -> Door_061 -> recycling_room_01 -> Door_061
Parking_53,Door_048,Door_048 via Door_061,Door_061,60.469639,7,Parking_53 -> Door_124 -> Circulation_012 -> Door_012 -> Circulation_011 -> Door_061 -> recycling_room_01 -> Door_061
Parking9,Door_048,Door_048 via Door_061,Door_061,60.263312,11,Parking9 -> Door_168 -> Parking3 -> Window_005 -> Parking2 -> Door_170 -> Parking8 -> Door_171 -> Circulation_011 -> Door_061 -> recycling_room_01 -> Door_061
Parking_31,Door_048,Door_048 via Door_061,Door_061,59.808134,7,Parking_31 -> Door_145 -> Circulation_013 -> Door_011 -> Circulation_011 -> Door_061 -> recycling_room_01 -> Door_061
Parking_42,Door_048,Door_048 via Door_061,Door_061,59.738741,7,Parking_42 -> Door_135 -> Circulation_013 -> Door_011 -> Circulation_011 -> Door_061 -> recycling_room_01 -> Door_061
Parking_12,Door_048,Door_048 via Door_061,Door_061,59.563455,7,Parking_12 -> Door_163 -> Circulation_010 -> Door_009 -> Circulation_011 -> Door_061 -> recycling_room_01 -> Door_061
Parking_15,Door_048,Door_048 via Door_061,Door_061,59.323483,7,Parking_15 -> Door_159 -> Circulation_010 -> Door_009 -> Circulation_011 -> Door_061 -> recycling_room_01 -> Door_061
Parking_70,Door_014,Vehicular / emergency pedestrian exit,,59.058016,5,Parking_70 -> Door_115 -> Circulation_007 -> Door_004 -> Circulation_004 -> Door_014
Parking_56,Door_048,Door_048 via Door_061,Door_061,59.031484,7,Parking_56 -> Door_121 -> Circulation_012 -> Door_012 -> Circulation_011 -> Door_061 -> recycling_room_01 -> Door_061
Parking_19,Door_049,Principal pedestrian exit,,58.550178,5,Parking_19 -> Door_155 -> Circulation_008 -> Door_008 -> Circulation_001 -> Door_049
Parking_54,Door_048,Door_048 via Door_061,Door_061,57.790402,7,Parking_54 -> Door_123 -> Circulation_012 -> Door_012 -> Circulation_011 -> Door_061 -> recycling_room_01 -> Door_061
Parking_99,Door_014,Vehicular / emergency pedestrian exit,,57.723566,7,Parking_99 -> Door_078 -> Parking_93 -> Door_084 -> Circulation_005 -> Door_001 -> Circulation_004 -> Door_014
recycling_room_02,Door_048,Door_048 via Door_061,Door_061,57.562582,7,recycling_room_02 -> Door_060 -> Circulation_013 -> Door_011 -> Circulation_011 -> Door_061 -> recycling_room_01 -> Door_061
Parking_13,Door_048,Door_048 via Door_061,Door_061,57.363776,7,Parking_13 -> Door_161 -> Circulation_010 -> Door_009 -> Circulation_011 -> Door_061 -> recycling_room_01 -> Door_061
Parking_14,Door_048,Door_048 via Door_061,Door_061,57.272771,7,Parking_14 -> Door_160 -> Circulation_010 -> Door_009 -> Circulation_011 -> Door_061 -> recycling_room_01 -> Door_061
Parking_32,Door_048,Door_048 via Door_061,Door_061,57.016944,7,Parking_32 -> Door_144 -> Circulation_013 -> Door_011 -> Circulation_011 -> Door_061 -> recycling_room_01 -> Door_061
Parking_27,Door_049,Principal pedestrian exit,,56.968392,5,Parking_27 -> Door_147 -> Circulation_008 -> Door_008 -> Circulation_001 -> Door_049
Parking_43,Door_048,Door_048 via Door_061,Door_061,56.931285,7,Parking_43 -> Door_134 -> Circulation_013 -> Door_011 -> Circulation_011 -> Door_061 -> recycling_room_01 -> Door_061
Parking_71,Door_014,Vehicular / emergency pedestrian exit,,56.821048,5,Parking_71 -> Door_113 -> Circulation_007 -> Door_004 -> Circulation_004 -> Door_014
Parking_55,Door_048,Door_048 via Door_061,Door_061,56.675657,7,Parking_55 -> Door_122 -> Circulation_012 -> Door_012 -> Circulation_011 -> Door_061 -> recycling_room_01 -> Door_061
08_Gym,Door_049,Principal pedestrian exit,,56.298359,3,08_Gym -> Door_038 -> Circulation_001 -> Door_049
Parking_40,Door_048,Door_048 via Door_061,Door_061,56.251269,7,Parking_40 -> Door_136 -> Circulation_013 -> Door_011 -> Circulation_011 -> Door_061 -> recycling_room_01 -> Door_061
Parking_20,Door_049,Principal pedestrian exit,,55.794331,5,Parking_20 -> Door_154 -> Circulation_008 -> Door_008 -> Circulation_001 -> Door_049
Parking_77,Door_014,Vehicular / emergency pedestrian exit,,55.784912,5,Parking_77 -> Door_108 -> Circulation_007 -> Door_004 -> Circulation_004 -> Door_014
Parking_98,Door_014,Vehicular / emergency pedestrian exit,,55.000421,7,Parking_98 -> Door_079 -> Parking_92 -> Door_085 -> Circulation_005 -> Door_001 -> Circulation_004 -> Door_014
Parking3,Door_048,Door_048 via Door_061,Door_061,54.673408,9,Parking3 -> Window_005 -> Parking2 -> Door_170 -> Parking8 -> Door_171 -> Circulation_011 -> Door_061 -> recycling_room_01 -> Door_061
Parking_72,Door_014,Vehicular / emergency pedestrian exit,,54.635253,5,Parking_72 -> Door_114 -> Circulation_007 -> Door_004 -> Circulation_004 -> Door_014
Parking_33,Door_048,Door_048 via Door_061,Door_061,54.254363,7,Parking_33 -> Door_143 -> Circulation_013 -> Door_011 -> Circulation_011 -> Door_061 -> recycling_room_01 -> Door_061
Parking_26,Door_049,Principal pedestrian exit,,54.243162,5,Parking_26 -> Door_148 -> Circulation_008 -> Door_008 -> Circulation_001 -> Door_049
Parking_44,Door_048,Door_048 via Door_061,Door_061,54.14277,7,Parking_44 -> Door_133 -> Circulation_013 -> Door_011 -> Circulation_011 -> Door_061 -> recycling_room_01 -> Door_061
01_Lobby,Door_049,Principal pedestrian exit,,53.913719,3,01_Lobby -> Door_046 -> Circulation_001 -> Door_049
Parking_94,Door_014,Vehicular / emergency pedestrian exit,,53.74997,7,Parking_94 -> Door_083 -> Parking_88 -> Door_089 -> Circulation_005 -> Door_001 -> Circulation_004 -> Door_014
Storage_room_002,Door_048,Door_048 via Door_061,Door_061,53.583276,9,Storage_room_002 -> Door_022 -> Parking1 -> Door_172 -> Parking7 -> Door_173 -> Circulation_011 -> Door_061 -> recycling_room_01 -> Door_061
Parking_86,Door_014,Vehicular / emergency pedestrian exit,,53.581933,5,Parking_86 -> Door_091 -> Circulation_005 -> Door_001 -> Circulation_004 -> Door_014
Parking_39,Door_048,Door_048 via Door_061,Door_061,53.501223,7,Parking_39 -> Door_137 -> Circulation_013 -> Door_011 -> Circulation_011 -> Door_061 -> recycling_room_01 -> Door_061
Parking_50,Door_048,Door_048 via Door_061,Door_061,53.146286,7,Parking_50 -> Door_127 -> Circulation_013 -> Door_011 -> Circulation_011 -> Door_061 -> recycling_room_01 -> Door_061
Parking_21,Door_049,Principal pedestrian exit,,53.104468,5,Parking_21 -> Door_153 -> Circulation_008 -> Door_008 -> Circulation_001 -> Door_049
Parking_76,Door_014,Vehicular / emergency pedestrian exit,,53.088786,5,Parking_76 -> Door_109 -> Circulation_007 -> Door_004 -> Circulation_004 -> Door_014
Circulation_012,Door_048,Door_048 via Door_061,Door_061,52.535045,5,Circulation_012 -> Door_012 -> Circulation_011 -> Door_061 -> recycling_room_01 -> Door_061
Parking_97,Door_014,Vehicular / emergency pedestrian exit,,52.433481,7,Parking_97 -> Door_080 -> Parking_91 -> Door_086 -> Circulation_005 -> Door_001 -> Circulation_004 -> Door_014
Parking_93,Door_014,Vehicular / emergency pedestrian exit,,52.126599,5,Parking_93 -> Door_084 -> Circulation_005 -> Door_001 -> Circulation_004 -> Door_014
Parking_73,Door_014,Vehicular / emergency pedestrian exit,,52.004713,5,Parking_73 -> Door_112 -> Circulation_007 -> Door_004 -> Circulation_004 -> Door_014
Circulation_010,Door_048,Door_048 via Door_061,Door_061,51.813557,5,Circulation_010 -> Door_009 -> Circulation_011 -> Door_061 -> recycling_room_01 -> Door_061
Parking_25,Door_049,Principal pedestrian exit,,51.632661,5,Parking_25 -> Door_149 -> Circulation_008 -> Door_008 -> Circulation_001 -> Door_049
Parking_34,Door_048,Door_048 via Door_061,Door_061,51.556817,7,Parking_34 -> Door_142 -> Circulation_013 -> Door_011 -> Circulation_011 -> Door_061 -> recycling_room_01 -> Door_061
Parking_45,Door_048,Door_048 via Door_061,Door_061,51.398124,7,Parking_45 -> Door_132 -> Circulation_013 -> Door_011 -> Circulation_011 -> Door_061 -> recycling_room_01 -> Door_061
Parking_95,Door_014,Vehicular / emergency pedestrian exit,,51.385014,7,Parking_95 -> Door_082 -> Parking_89 -> Door_088 -> Circulation_005 -> Door_001 -> Circulation_004 -> Door_014
Parking_38,Door_048,Door_048 via Door_061,Door_061,50.836439,7,Parking_38 -> Door_138 -> Circulation_013 -> Door_011 -> Circulation_011 -> Door_061 -> recycling_room_01 -> Door_061
Parking_87,Door_014,Vehicular / emergency pedestrian exit,,50.825525,5,Parking_87 -> Door_090 -> Circulation_005 -> Door_001 -> Circulation_004 -> Door_014
Parking_49,Door_048,Door_048 via Door_061,Door_061,50.657468,7,Parking_49 -> Door_128 -> Circulation_013 -> Door_011 -> Circulation_011 -> Door_061 -> recycling_room_01 -> Door_061
Parking_75,Door_014,Vehicular / emergency pedestrian exit,,50.654951,5,Parking_75 -> Door_110 -> Circulation_007 -> Door_004 -> Circulation_004 -> Door_014
Parking_96,Door_014,Vehicular / emergency pedestrian exit,,50.609628,7,Parking_96 -> Door_081 -> Parking_90 -> Door_087 -> Circulation_005 -> Door_001 -> Circulation_004 -> Door_014
Parking_22,Door_049,Principal pedestrian exit,,50.600695,5,Parking_22 -> Door_152 -> Circulation_008 -> Door_008 -> Circulation_001 -> Door_049
Parking_74,Door_014,Vehicular / emergency pedestrian exit,,50.158749,5,Parking_74 -> Door_111 -> Circulation_007 -> Door_004 -> Circulation_004 -> Door_014
Elevator_01_Tower_01,Door_049,Principal pedestrian exit,,49.681244,3,Elevator_01_Tower_01 -> Door_058 -> Circulation_001 -> Door_049
Parking_24,Door_049,Principal pedestrian exit,,49.420208,5,Parking_24 -> Door_150 -> Circulation_008 -> Door_008 -> Circulation_001 -> Door_049
Parking_92,Door_014,Vehicular / emergency pedestrian exit,,49.403454,5,Parking_92 -> Door_085 -> Circulation_005 -> Door_001 -> Circulation_004 -> Door_014
Parking_35,Door_048,Door_048 via Door_061,Door_061,49.057165,7,Parking_35 -> Door_141 -> Circulation_013 -> Door_011 -> Circulation_011 -> Door_061 -> recycling_room_01 -> Door_061
Elevator_02_Tower_02,Door_049,Principal pedestrian exit,,48.949123,3,Elevator_02_Tower_02 -> Door_040 -> Circulation_001 -> Door_049
Parking_23,Door_049,Principal pedestrian exit,,48.85122,5,Parking_23 -> Door_151 -> Circulation_008 -> Door_008 -> Circulation_001 -> Door_049
Parking_46,Door_048,Door_048 via Door_061,Door_061,48.794541,7,Parking_46 -> Door_131 -> Circulation_013 -> Door_011 -> Circulation_011 -> Door_061 -> recycling_room_01 -> Door_061
Parking2,Door_048,Door_048 via Door_061,Door_061,48.730097,7,Parking2 -> Door_170 -> Parking8 -> Door_171 -> Circulation_011 -> Door_061 -> recycling_room_01 -> Door_061
Parking_59,Door_014,Vehicular / emergency pedestrian exit,,48.512779,5,Parking_59 -> Door_107 -> Circulation_006 -> Door_005 -> Circulation_004 -> Door_014
Parking_78,Door_014,Vehicular / emergency pedestrian exit,,48.512765,5,Parking_78 -> Door_100 -> Circulation_006 -> Door_005 -> Circulation_004 -> Door_014
Parking_37,Door_048,Door_048 via Door_061,Door_061,48.461621,7,Parking_37 -> Door_139 -> Circulation_013 -> Door_011 -> Circulation_011 -> Door_061 -> recycling_room_01 -> Door_061
Parking_88,Door_014,Vehicular / emergency pedestrian exit,,48.153003,5,Parking_88 -> Door_089 -> Circulation_005 -> Door_001 -> Circulation_004 -> Door_014
Parking_48,Door_048,Door_048 via Door_061,Door_061,48.149257,7,Parking_48 -> Door_129 -> Circulation_013 -> Door_011 -> Circulation_011 -> Door_061 -> recycling_room_01 -> Door_061
Parking1,Door_048,Door_048 via Door_061,Door_061,48.114214,7,Parking1 -> Door_172 -> Parking7 -> Door_173 -> Circulation_011 -> Door_061 -> recycling_room_01 -> Door_061
Storage_room_004,Door_048,Door_048 via Door_061,Door_061,47.68018,7,Storage_room_004 -> Door_077 -> Parking7 -> Door_173 -> Circulation_011 -> Door_061 -> recycling_room_01 -> Door_061
Parking_66,Door_014,Vehicular / emergency pedestrian exit,,47.626058,5,Parking_66 -> Door_092 -> Circulation_006 -> Door_005 -> Circulation_004 -> Door_014
Parking_36,Door_048,Door_048 via Door_061,Door_061,47.468084,7,Parking_36 -> Door_140 -> Circulation_013 -> Door_011 -> Circulation_011 -> Door_061 -> recycling_room_01 -> Door_061
Elevator_02_Tower_01,Door_049,Principal pedestrian exit,,47.236181,3,Elevator_02_Tower_01 -> Door_057 -> Circulation_001 -> Door_049
Parking_85,Door_014,Vehicular / emergency pedestrian exit,,47.070187,5,Parking_85 -> Door_093 -> Circulation_006 -> Door_005 -> Circulation_004 -> Door_014
Parking_47,Door_048,Door_048 via Door_061,Door_061,47.004368,7,Parking_47 -> Door_130 -> Circulation_013 -> Door_011 -> Circulation_011 -> Door_061 -> recycling_room_01 -> Door_061
Parking_91,Door_014,Vehicular / emergency pedestrian exit,,46.836514,5,Parking_91 -> Door_086 -> Circulation_005 -> Door_001 -> Circulation_004 -> Door_014
Elevator_01_Tower_02,Door_049,Principal pedestrian exit,,46.403378,3,Elevator_01_Tower_02 -> Door_041 -> Circulation_001 -> Door_049
Parking_89,Door_014,Vehicular / emergency pedestrian exit,,45.788047,5,Parking_89 -> Door_088 -> Circulation_005 -> Door_001 -> Circulation_004 -> Door_014
Parking_60,Door_014,Vehicular / emergency pedestrian exit,,45.784316,5,Parking_60 -> Door_106 -> Circulation_006 -> Door_005 -> Circulation_004 -> Door_014
Parking_79,Door_014,Vehicular / emergency pedestrian exit,,45.784303,5,Parking_79 -> Door_099 -> Circulation_006 -> Door_005 -> Circulation_004 -> Door_014
Parking_90,Door_014,Vehicular / emergency pedestrian exit,,45.012661,5,Parking_90 -> Door_087 -> Circulation_005 -> Door_001 -> Circulation_004 -> Door_014
Circulation_007,Door_014,Vehicular / emergency pedestrian exit,,44.731824,3,Circulation_007 -> Door_004 -> Circulation_004 -> Door_014
Parking_65,Door_014,Vehicular / emergency pedestrian exit,,44.385396,5,Parking_65 -> Door_101 -> Circulation_006 -> Door_005 -> Circulation_004 -> Door_014
Parking_84,Door_014,Vehicular / emergency pedestrian exit,,44.385382,5,Parking_84 -> Door_094 -> Circulation_006 -> Door_005 -> Circulation_004 -> Door_014
Stair_01_Tower_02,Door_049,Principal pedestrian exit,,43.316018,3,Stair_01_Tower_02 -> Door_045 -> Circulation_001 -> Door_049
Circulation_008,Door_049,Principal pedestrian exit,,43.308664,3,Circulation_008 -> Door_008 -> Circulation_001 -> Door_049
Parking_61,Door_014,Vehicular / emergency pedestrian exit,,43.164862,5,Parking_61 -> Door_105 -> Circulation_006 -> Door_005 -> Circulation_004 -> Door_014
Parking_80,Door_014,Vehicular / emergency pedestrian exit,,43.164848,5,Parking_80 -> Door_098 -> Circulation_006 -> Door_005 -> Circulation_004 -> Door_014
Parking7,Door_048,Door_048 via Door_061,Door_061,42.985633,5,Parking7 -> Door_173 -> Circulation_011 -> Door_061 -> recycling_room_01 -> Door_061
Parking8,Door_048,Door_048 via Door_061,Door_061,42.645313,5,Parking8 -> Door_171 -> Circulation_011 -> Door_061 -> recycling_room_01 -> Door_061
Circulation_013,Door_048,Door_048 via Door_061,Door_061,42.230969,5,Circulation_013 -> Door_011 -> Circulation_011 -> Door_061 -> recycling_room_01 -> Door_061
Stair_01_Tower_01,Door_049,Principal pedestrian exit,,42.217056,3,Stair_01_Tower_01 -> Door_042 -> Circulation_001 -> Door_049
07_service_area,Door_049,Principal pedestrian exit,,41.996232,3,07_service_area -> Door_039 -> Circulation_001 -> Door_049
Parking_64,Door_014,Vehicular / emergency pedestrian exit,,41.898141,5,Parking_64 -> Door_102 -> Circulation_006 -> Door_005 -> Circulation_004 -> Door_014
Parking_83,Door_014,Vehicular / emergency pedestrian exit,,41.898128,5,Parking_83 -> Door_095 -> Circulation_006 -> Door_005 -> Circulation_004 -> Door_014
Parking_62,Door_014,Vehicular / emergency pedestrian exit,,40.916469,5,Parking_62 -> Door_104 -> Circulation_006 -> Door_005 -> Circulation_004 -> Door_014
Parking_81,Door_014,Vehicular / emergency pedestrian exit,,40.916456,5,Parking_81 -> Door_097 -> Circulation_006 -> Door_005 -> Circulation_004 -> Door_014
object_3,Door_014,Vehicular / emergency pedestrian exit,,40.464541,5,object_3 -> Door_015 -> 04_Common_Space -> Door_050 -> Circulation_004 -> Door_014
03_service kitchenette,Door_014,Vehicular / emergency pedestrian exit,,40.368951,5,03_service kitchenette -> Door_016 -> 04_Common_Space -> Door_050 -> Circulation_004 -> Door_014
Parking_63,Door_014,Vehicular / emergency pedestrian exit,,40.222906,5,Parking_63 -> Door_103 -> Circulation_006 -> Door_005 -> Circulation_004 -> Door_014
Parking_82,Door_014,Vehicular / emergency pedestrian exit,,40.222893,5,Parking_82 -> Door_096 -> Circulation_006 -> Door_005 -> Circulation_004 -> Door_014
Parking_67,Door_014,Vehicular / emergency pedestrian exit,,40.189617,5,Parking_67 -> Door_118 -> Circulation_003 -> Door_003 -> Circulation_004 -> Door_014
Stair_02_Tower_01,Door_049,Principal pedestrian exit,,39.96934,3,Stair_02_Tower_01 -> Door_043 -> Circulation_001 -> Door_049
Stair_02_Tower_02,Door_049,Principal pedestrian exit,,39.891848,3,Stair_02_Tower_02 -> Door_044 -> Circulation_001 -> Door_049
Circulation_005,Door_014,Vehicular / emergency pedestrian exit,,39.871028,3,Circulation_005 -> Door_001 -> Circulation_004 -> Door_014
object_2,Door_014,Vehicular / emergency pedestrian exit,,39.606261,5,object_2 -> Door_016 -> 04_Common_Space -> Door_050 -> Circulation_004 -> Door_014
ELECTRICAL_SUBSTATION,Door_014,Vehicular / emergency pedestrian exit,,39.534449,3,ELECTRICAL_SUBSTATION -> Door_019 -> Circulation_004 -> Door_014
Storage_room_018,Door_048,Door_048 via Door_061,Door_061,38.575022,5,Storage_room_018 -> Door_062 -> Circulation_011 -> Door_061 -> recycling_room_01 -> Door_061
Storage_room_003,Door_048,Door_048 via Door_061,Door_061,37.984439,5,Storage_room_003 -> Door_076 -> Circulation_011 -> Door_061 -> recycling_room_01 -> Door_061
Parking_101,Door_014,Vehicular / emergency pedestrian exit,,37.192764,3,Parking_101 -> Door_116 -> Circulation_004 -> Door_014
04_Common_Space,Door_014,Vehicular / emergency pedestrian exit,,37.035981,3,04_Common_Space -> Door_050 -> Circulation_004 -> Door_014
Parking_100,Door_014,Vehicular / emergency pedestrian exit,,36.91017,3,Parking_100 -> Door_117 -> Circulation_004 -> Door_014
Storage_room_017,Door_048,Door_048 via Door_061,Door_061,36.541744,5,Storage_room_017 -> Door_063 -> Circulation_011 -> Door_061 -> recycling_room_01 -> Door_061
Circulation_003,Door_014,Vehicular / emergency pedestrian exit,,35.341916,3,Circulation_003 -> Door_003 -> Circulation_004 -> Door_014
Circulation_006,Door_014,Vehicular / emergency pedestrian exit,,34.718192,3,Circulation_006 -> Door_005 -> Circulation_004 -> Door_014
Storage_room_005,Door_048,Door_048 via Door_061,Door_061,34.688302,5,Storage_room_005 -> Door_075 -> Circulation_011 -> Door_061 -> recycling_room_01 -> Door_061
Storage_room_016,Door_048,Door_048 via Door_061,Door_061,34.514372,5,Storage_room_016 -> Door_064 -> Circulation_011 -> Door_061 -> recycling_room_01 -> Door_061
Storage_room_006,Door_048,Door_048 via Door_061,Door_061,33.759698,5,Storage_room_006 -> Door_074 -> Circulation_011 -> Door_061 -> recycling_room_01 -> Door_061
Storage_room_015,Door_048,Door_048 via Door_061,Door_061,32.496787,5,Storage_room_015 -> Door_065 -> Circulation_011 -> Door_061 -> recycling_room_01 -> Door_061
Parking_30,Door_014,Vehicular / emergency pedestrian exit,,32.27854,5,Parking_30 -> Door_054 -> Circulation_002 -> Door_006 -> Circulation_004 -> Door_014
Parking_29,Door_049,Principal pedestrian exit,,32.243012,3,Parking_29 -> Door_055 -> Circulation_001 -> Door_049
Storage_room_007,Door_048,Door_048 via Door_061,Door_061,30.667817,5,Storage_room_007 -> Door_073 -> Circulation_011 -> Door_061 -> recycling_room_01 -> Door_061
Storage_room_014,Door_048,Door_048 via Door_061,Door_061,30.497004,5,Storage_room_014 -> Door_066 -> Circulation_011 -> Door_061 -> recycling_room_01 -> Door_061
BOILER ROOM,Door_014,Vehicular / emergency pedestrian exit,,29.968926,3,BOILER ROOM -> Door_020 -> Circulation_004 -> Door_014
Storage_room_008,Door_048,Door_048 via Door_061,Door_061,29.848601,5,Storage_room_008 -> Door_072 -> Circulation_011 -> Door_061 -> recycling_room_01 -> Door_061
POWER PLANT,Door_014,Vehicular / emergency pedestrian exit,,28.544354,3,POWER PLANT -> Door_021 -> Circulation_004 -> Door_014
Storage_room_013,Door_048,Door_048 via Door_061,Door_061,28.535176,5,Storage_room_013 -> Door_067 -> Circulation_011 -> Door_061 -> recycling_room_01 -> Door_061
Circulation_002,Door_014,Vehicular / emergency pedestrian exit,,27.185155,3,Circulation_002 -> Door_006 -> Circulation_004 -> Door_014
Storage_room_009,Door_048,Door_048 via Door_061,Door_061,26.827504,5,Storage_room_009 -> Door_071 -> Circulation_011 -> Door_061 -> recycling_room_01 -> Door_061
Storage_room_012,Door_048,Door_048 via Door_061,Door_061,26.675695,5,Storage_room_012 -> Door_068 -> Circulation_011 -> Door_061 -> recycling_room_01 -> Door_061
Circulation_001,Door_049,Principal pedestrian exit,,26.249515,1,Circulation_001 -> Door_049
Storage_room_010,Door_048,Door_048 via Door_061,Door_061,25.964716,5,Storage_room_010 -> Door_070 -> Circulation_011 -> Door_061 -> recycling_room_01 -> Door_061
Storage_room_011,Door_048,Door_048 via Door_061,Door_061,25.221455,5,Storage_room_011 -> Door_069 -> Circulation_011 -> Door_061 -> recycling_room_01 -> Door_061
Circulation_011,Door_048,Door_048 via Door_061,Door_061,21.883552,3,Circulation_011 -> Door_061 -> recycling_room_01 -> Door_061
Circulation_004,Door_014,Vehicular / emergency pedestrian exit,,20.194954,1,Circulation_004 -> Door_014
recycling_room_01,Door_048,Door_048 via Door_061,Door_061,8.502285,3,recycling_room_01 -> Door_061 -> recycling_room_01 -> Door_061
