start_room,nearest_exit_proxy,path_length_model_units,hops,path
Parking_31,Window_033,59.295304,5,Parking_31 -> Door_145 -> Circulation_013 -> Door_011 -> Circulation_011 -> Window_033
Parking_42,Window_033,59.225911,5,Parking_42 -> Door_135 -> Circulation_013 -> Door_011 -> Circulation_011 -> Window_033
Parking_18,Door_013,57.422797,5,Parking_18 -> Door_156 -> Circulation_008 -> Door_008 -> Circulation_001 -> Door_013
recycling_room_02,Window_033,57.049752,5,recycling_room_02 -> Door_060 -> Circulation_013 -> Door_011 -> Circulation_011 -> Window_033
Parking_28,Door_013,57.047016,5,Parking_28 -> Door_146 -> Circulation_008 -> Door_008 -> Circulation_001 -> Door_013
Parking_41,Door_013,57.046998,5,Parking_41 -> Door_056 -> Circulation_008 -> Door_008 -> Circulation_001 -> Door_013
Parking_32,Window_033,56.504114,5,Parking_32 -> Door_144 -> Circulation_013 -> Door_011 -> Circulation_011 -> Window_033
Parking_43,Window_033,56.418455,5,Parking_43 -> Door_134 -> Circulation_013 -> Door_011 -> Circulation_011 -> Window_033
Parking_40,Window_033,55.738439,5,Parking_40 -> Door_136 -> Circulation_013 -> Door_011 -> Circulation_011 -> Window_033
Parking_19,Door_013,54.636743,5,Parking_19 -> Door_155 -> Circulation_008 -> Door_008 -> Circulation_001 -> Door_013
Parking_33,Window_033,53.741533,5,Parking_33 -> Door_143 -> Circulation_013 -> Door_011 -> Circulation_011 -> Window_033
Parking_44,Window_033,53.62994,5,Parking_44 -> Door_133 -> Circulation_013 -> Door_011 -> Circulation_011 -> Window_033
Parking_27,Door_013,53.054957,5,Parking_27 -> Door_147 -> Circulation_008 -> Door_008 -> Circulation_001 -> Door_013
Parking_39,Window_033,52.988393,5,Parking_39 -> Door_137 -> Circulation_013 -> Door_011 -> Circulation_011 -> Window_033
Parking_50,Window_033,52.633456,5,Parking_50 -> Door_127 -> Circulation_013 -> Door_011 -> Circulation_011 -> Window_033
Parking_20,Door_013,51.880896,5,Parking_20 -> Door_154 -> Circulation_008 -> Door_008 -> Circulation_001 -> Door_013
Parking_34,Window_033,51.043987,5,Parking_34 -> Door_142 -> Circulation_013 -> Door_011 -> Circulation_011 -> Window_033
Parking_45,Window_033,50.885294,5,Parking_45 -> Door_132 -> Circulation_013 -> Door_011 -> Circulation_011 -> Window_033
Storage_room_002,Door_025,50.871293,15,Storage_room_002 -> Door_022 -> Parking1 -> Window_006 -> Parking2 -> Window_005 -> Parking3 -> Window_004 -> Parking4 -> Window_003 -> Parking5 -> Window_002 -> Parking6 -> Window_001 -> 05_FAmily_Room -> Door_025
Parking_26,Door_013,50.329727,5,Parking_26 -> Door_148 -> Circulation_008 -> Door_008 -> Circulation_001 -> Door_013
Parking_38,Window_033,50.323609,5,Parking_38 -> Door_138 -> Circulation_013 -> Door_011 -> Circulation_011 -> Window_033
Parking_49,Window_033,50.144638,5,Parking_49 -> Door_128 -> Circulation_013 -> Door_011 -> Circulation_011 -> Window_033
Parking_21,Door_013,49.191033,5,Parking_21 -> Door_153 -> Circulation_008 -> Door_008 -> Circulation_001 -> Door_013
Parking_35,Window_033,48.544335,5,Parking_35 -> Door_141 -> Circulation_013 -> Door_011 -> Circulation_011 -> Window_033
Parking_46,Window_033,48.281711,5,Parking_46 -> Door_131 -> Circulation_013 -> Door_011 -> Circulation_011 -> Window_033
Parking_37,Window_033,47.948791,5,Parking_37 -> Door_139 -> Circulation_013 -> Door_011 -> Circulation_011 -> Window_033
Parking_25,Door_013,47.719226,5,Parking_25 -> Door_149 -> Circulation_008 -> Door_008 -> Circulation_001 -> Door_013
Parking_48,Window_033,47.636427,5,Parking_48 -> Door_129 -> Circulation_013 -> Door_011 -> Circulation_011 -> Window_033
Storage_room_004,Window_033,47.16735,5,Storage_room_004 -> Door_077 -> Parking7 -> Door_173 -> Circulation_011 -> Window_033
Parking_36,Window_033,46.955254,5,Parking_36 -> Door_140 -> Circulation_013 -> Door_011 -> Circulation_011 -> Window_033
Parking_22,Door_013,46.68726,5,Parking_22 -> Door_152 -> Circulation_008 -> Door_008 -> Circulation_001 -> Door_013
Parking_47,Window_033,46.491538,5,Parking_47 -> Door_130 -> Circulation_013 -> Door_011 -> Circulation_011 -> Window_033
Elevator_01_Tower_01,Door_013,45.767809,3,Elevator_01_Tower_01 -> Door_058 -> Circulation_001 -> Door_013
Parking_24,Door_013,45.506773,5,Parking_24 -> Door_150 -> Circulation_008 -> Door_008 -> Circulation_001 -> Door_013
Parking1,Door_025,45.402231,13,Parking1 -> Window_006 -> Parking2 -> Window_005 -> Parking3 -> Window_004 -> Parking4 -> Window_003 -> Parking5 -> Window_002 -> Parking6 -> Window_001 -> 05_FAmily_Room -> Door_025
recycling_room_03,Door_025,45.383572,9,recycling_room_03 -> Door_059 -> Circulation_010 -> Door_163 -> Parking_12 -> Door_162 -> Parking6 -> Window_001 -> 05_FAmily_Room -> Door_025
Elevator_02_Tower_02,Door_013,45.035688,3,Elevator_02_Tower_02 -> Door_040 -> Circulation_001 -> Door_013
Parking_23,Door_013,44.937785,5,Parking_23 -> Door_151 -> Circulation_008 -> Door_008 -> Circulation_001 -> Door_013
Elevator_02_Tower_01,Door_013,43.322746,3,Elevator_02_Tower_01 -> Door_057 -> Circulation_001 -> Door_013
Elevator_01_Tower_02,Door_013,42.489943,3,Elevator_01_Tower_02 -> Door_041 -> Circulation_001 -> Door_013
Parking7,Window_033,42.472803,3,Parking7 -> Door_173 -> Circulation_011 -> Window_033
Parking8,Window_033,42.132483,3,Parking8 -> Door_171 -> Circulation_011 -> Window_033
Circulation_013,Window_033,41.718139,3,Circulation_013 -> Door_011 -> Circulation_011 -> Window_033
Parking_17,Door_025,41.586548,9,Parking_17 -> Door_157 -> Circulation_010 -> Door_163 -> Parking_12 -> Door_162 -> Parking6 -> Window_001 -> 05_FAmily_Room -> Door_025
Parking_67,Door_014,40.189617,5,Parking_67 -> Door_118 -> Circulation_003 -> Door_003 -> Circulation_004 -> Door_014
ELECTRICAL_SUBSTATION,Door_014,39.534449,3,ELECTRICAL_SUBSTATION -> Door_019 -> Circulation_004 -> Door_014
Stair_01_Tower_02,Door_013,39.402583,3,Stair_01_Tower_02 -> Door_045 -> Circulation_001 -> Door_013
Circulation_008,Door_013,39.395229,3,Circulation_008 -> Door_008 -> Circulation_001 -> Door_013
Parking2,Door_025,39.142932,11,Parking2 -> Window_005 -> Parking3 -> Window_004 -> Parking4 -> Window_003 -> Parking5 -> Window_002 -> Parking6 -> Window_001 -> 05_FAmily_Room -> Door_025
Parking9,Door_025,38.789525,11,Parking9 -> Door_168 -> Parking3 -> Window_004 -> Parking4 -> Window_003 -> Parking5 -> Window_002 -> Parking6 -> Window_001 -> 05_FAmily_Room -> Door_025
Parking_16,Door_025,38.594501,9,Parking_16 -> Door_158 -> Circulation_010 -> Door_163 -> Parking_12 -> Door_162 -> Parking6 -> Window_001 -> 05_FAmily_Room -> Door_025
Stair_01_Tower_01,Door_013,38.303621,3,Stair_01_Tower_01 -> Door_042 -> Circulation_001 -> Door_013
07_service_area,Door_013,38.082797,3,07_service_area -> Door_039 -> Circulation_001 -> Door_013
Storage_room_018,Window_033,38.062192,3,Storage_room_018 -> Door_062 -> Circulation_011 -> Window_033
Storage_room_003,Window_033,37.471609,3,Storage_room_003 -> Door_076 -> Circulation_011 -> Window_033
Parking_101,Door_014,37.192764,3,Parking_101 -> Door_116 -> Circulation_004 -> Door_014
Parking_100,Door_014,36.91017,3,Parking_100 -> Door_117 -> Circulation_004 -> Door_014
Parking_15,Door_025,36.130787,9,Parking_15 -> Door_159 -> Circulation_010 -> Door_163 -> Parking_12 -> Door_162 -> Parking6 -> Window_001 -> 05_FAmily_Room -> Door_025
Stair_02_Tower_01,Door_013,36.055905,3,Stair_02_Tower_01 -> Door_043 -> Circulation_001 -> Door_013
Storage_room_017,Window_033,36.028914,3,Storage_room_017 -> Door_063 -> Circulation_011 -> Window_033
Stair_02_Tower_02,Door_013,35.978413,3,Stair_02_Tower_02 -> Door_044 -> Circulation_001 -> Door_013
Circulation_003,Door_014,35.341916,3,Circulation_003 -> Door_003 -> Circulation_004 -> Door_014
Storage_room_005,Window_033,34.175472,3,Storage_room_005 -> Door_075 -> Circulation_011 -> Window_033
Parking_13,Door_025,34.17108,9,Parking_13 -> Door_161 -> Circulation_010 -> Door_163 -> Parking_12 -> Door_162 -> Parking6 -> Window_001 -> 05_FAmily_Room -> Door_025
Parking_14,Door_025,34.080075,9,Parking_14 -> Door_160 -> Circulation_010 -> Door_163 -> Parking_12 -> Door_162 -> Parking6 -> Window_001 -> 05_FAmily_Room -> Door_025
Storage_room_016,Window_033,34.001542,3,Storage_room_016 -> Door_064 -> Circulation_011 -> Window_033
Storage_room_006,Window_033,33.246868,3,Storage_room_006 -> Door_074 -> Circulation_011 -> Window_033
Parking3,Door_025,33.199621,9,Parking3 -> Window_004 -> Parking4 -> Window_003 -> Parking5 -> Window_002 -> Parking6 -> Window_001 -> 05_FAmily_Room -> Door_025
Parking10,Door_025,32.838286,9,Parking10 -> Door_166 -> Parking4 -> Window_003 -> Parking5 -> Window_002 -> Parking6 -> Window_001 -> 05_FAmily_Room -> Door_025
Parking_30,Door_014,32.27854,5,Parking_30 -> Door_054 -> Circulation_002 -> Door_006 -> Circulation_004 -> Door_014
Storage_room_015,Window_033,31.983957,3,Storage_room_015 -> Door_065 -> Circulation_011 -> Window_033
Storage_room_007,Window_033,30.154987,3,Storage_room_007 -> Door_073 -> Circulation_011 -> Window_033
Storage_room_014,Window_033,29.984174,3,Storage_room_014 -> Door_066 -> Circulation_011 -> Window_033
BOILER ROOM,Door_014,29.968926,3,BOILER ROOM -> Door_020 -> Circulation_004 -> Door_014
Storage_room_008,Window_033,29.335771,3,Storage_room_008 -> Door_072 -> Circulation_011 -> Window_033
Circulation_010,Door_025,28.620861,7,Circulation_010 -> Door_163 -> Parking_12 -> Door_162 -> Parking6 -> Window_001 -> 05_FAmily_Room -> Door_025
POWER PLANT,Door_014,28.544354,3,POWER PLANT -> Door_021 -> Circulation_004 -> Door_014
Parking_29,Door_013,28.329577,3,Parking_29 -> Door_055 -> Circulation_001 -> Door_013
Parking_94,Window_020,28.035678,7,Parking_94 -> Door_083 -> Parking_88 -> Door_089 -> Circulation_005 -> Door_084 -> Parking_93 -> Window_020
Storage_room_013,Window_033,28.022346,3,Storage_room_013 -> Door_067 -> Circulation_011 -> Window_033
Parking_86,Window_020,27.867641,5,Parking_86 -> Door_091 -> Circulation_005 -> Door_084 -> Parking_93 -> Window_020
Parking_70,Window_008,27.280364,5,Parking_70 -> Door_115 -> Circulation_007 -> Door_108 -> Parking_77 -> Window_008
Parking4,Door_025,27.228429,7,Parking4 -> Window_003 -> Parking5 -> Window_002 -> Parking6 -> Window_001 -> 05_FAmily_Room -> Door_025
Circulation_002,Door_014,27.185155,3,Circulation_002 -> Door_006 -> Circulation_004 -> Door_014
Parking_11,Door_025,26.861375,7,Parking_11 -> Door_164 -> Parking5 -> Window_002 -> Parking6 -> Window_001 -> 05_FAmily_Room -> Door_025
Storage_room_009,Window_033,26.314674,3,Storage_room_009 -> Door_071 -> Circulation_011 -> Window_033
Storage_room_012,Window_033,26.162865,3,Storage_room_012 -> Door_068 -> Circulation_011 -> Window_033
Parking_95,Window_020,25.670722,7,Parking_95 -> Door_082 -> Parking_89 -> Door_088 -> Circulation_005 -> Door_084 -> Parking_93 -> Window_020
Storage_room_010,Window_033,25.451886,3,Storage_room_010 -> Door_070 -> Circulation_011 -> Window_033
Parking_59,Window_014,25.225797,3,Parking_59 -> Door_107 -> Circulation_006 -> Window_014
Parking_78,Window_014,25.225783,3,Parking_78 -> Door_100 -> Circulation_006 -> Window_014
Parking_87,Window_020,25.111233,5,Parking_87 -> Door_090 -> Circulation_005 -> Door_084 -> Parking_93 -> Window_020
Parking_71,Window_008,25.043396,5,Parking_71 -> Door_113 -> Circulation_007 -> Door_108 -> Parking_77 -> Window_008
Storage_room_011,Window_033,24.708625,3,Storage_room_011 -> Door_069 -> Circulation_011 -> Window_033
Parking_72,Window_008,22.857601,5,Parking_72 -> Door_114 -> Circulation_007 -> Door_108 -> Parking_77 -> Window_008
Parking_60,Window_014,22.497334,3,Parking_60 -> Door_106 -> Circulation_006 -> Window_014
Parking_79,Window_014,22.497321,3,Parking_79 -> Door_099 -> Circulation_006 -> Window_014
Parking_88,Window_020,22.438711,5,Parking_88 -> Door_089 -> Circulation_005 -> Door_084 -> Parking_93 -> Window_020
Circulation_001,Door_013,22.33608,1,Circulation_001 -> Door_013
Circulation_011,Window_033,21.370722,1,Circulation_011 -> Window_033
Parking_76,Window_008,21.311134,5,Parking_76 -> Door_109 -> Circulation_007 -> Door_108 -> Parking_77 -> Window_008
Parking5,Door_025,21.241355,5,Parking5 -> Window_002 -> Parking6 -> Window_001 -> 05_FAmily_Room -> Door_025
Parking_65,Window_014,21.098414,3,Parking_65 -> Door_101 -> Circulation_006 -> Window_014
Parking_84,Window_014,21.0984,3,Parking_84 -> Door_094 -> Circulation_006 -> Window_014
Parking_12,Door_025,20.870963,5,Parking_12 -> Door_162 -> Parking6 -> Window_001 -> 05_FAmily_Room -> Door_025
Parking_96,Window_022,20.42106,7,Parking_96 -> Window_027 -> Parking_97 -> Window_026 -> Parking_98 -> Window_025 -> Parking_99 -> Window_022
Parking_73,Window_008,20.227061,5,Parking_73 -> Door_112 -> Circulation_007 -> Door_108 -> Parking_77 -> Window_008
Circulation_004,Door_014,20.194954,1,Circulation_004 -> Door_014
Parking_89,Window_020,20.073755,5,Parking_89 -> Door_088 -> Circulation_005 -> Door_084 -> Parking_93 -> Window_020
Parking_61,Window_014,19.87788,3,Parking_61 -> Door_105 -> Circulation_006 -> Window_014
Parking_80,Window_014,19.877866,3,Parking_80 -> Door_098 -> Circulation_006 -> Window_014
Parking_91,Window_022,19.844729,7,Parking_91 -> Door_080 -> Parking_97 -> Window_026 -> Parking_98 -> Window_025 -> Parking_99 -> Window_022
Parking_90,Window_020,19.298369,5,Parking_90 -> Door_087 -> Circulation_005 -> Door_084 -> Parking_93 -> Window_020
09_Storage_public,Door_036,19.235844,5,09_Storage_public -> Door_034 -> 010_Circulaction -> Door_035 -> 08_Gym -> Door_036
Parking_75,Window_008,18.877299,5,Parking_75 -> Door_110 -> Circulation_007 -> Door_108 -> Parking_77 -> Window_008
Parking_64,Window_014,18.611159,3,Parking_64 -> Door_102 -> Circulation_006 -> Window_014
Parking_83,Window_014,18.611146,3,Parking_83 -> Door_095 -> Circulation_006 -> Window_014
Parking_74,Window_008,18.381097,5,Parking_74 -> Door_111 -> Circulation_007 -> Door_108 -> Parking_77 -> Window_008
Parking_51,Window_037,17.880315,3,Parking_51 -> Door_126 -> Circulation_012 -> Window_037
08_Bathroom_Gym,Door_036,17.778706,5,08_Bathroom_Gym -> Door_033 -> 010_Circulaction -> Door_035 -> 08_Gym -> Door_036
Parking_62,Window_014,17.629487,3,Parking_62 -> Door_104 -> Circulation_006 -> Window_014
Parking_81,Window_014,17.629474,3,Parking_81 -> Door_097 -> Circulation_006 -> Window_014
Parking_63,Window_014,16.935924,3,Parking_63 -> Door_103 -> Circulation_006 -> Window_014
Parking_82,Window_014,16.935911,3,Parking_82 -> Door_096 -> Circulation_006 -> Window_014
Parking_58,Window_037,16.398247,3,Parking_58 -> Door_119 -> Circulation_012 -> Window_037
010_Circulaction,Door_036,15.739664,3,010_Circulaction -> Door_035 -> 08_Gym -> Door_036
Parking6,Door_025,15.250941,3,Parking6 -> Window_001 -> 05_FAmily_Room -> Door_025
Parking_52,Window_037,15.064886,3,Parking_52 -> Door_125 -> Circulation_012 -> Window_037
01_Lobby,Window_042,14.829864,3,01_Lobby -> Door_047 -> 02_Retail_space -> Window_042
Parking_97,Window_022,14.247762,5,Parking_97 -> Window_026 -> Parking_98 -> Window_025 -> Parking_99 -> Window_022
Circulation_005,Window_020,14.156736,3,Circulation_005 -> Door_084 -> Parking_93 -> Window_020
Parking_92,Window_022,13.67143,5,Parking_92 -> Door_079 -> Parking_98 -> Window_025 -> Parking_99 -> Window_022
Parking_57,Window_037,13.592472,3,Parking_57 -> Door_120 -> Circulation_012 -> Window_037
Circulation_007,Window_008,12.954172,3,Circulation_007 -> Door_108 -> Parking_77 -> Window_008
Parking_53,Window_037,12.274363,3,Parking_53 -> Door_124 -> Circulation_012 -> Window_037
Circulation_006,Window_014,11.43121,1,Circulation_006 -> Window_014
011_BAthroom_community_hall_01,Door_031,10.901235,3,011_BAthroom_community_hall_01 -> Door_028 -> 011_community_hall -> Door_031
Parking_56,Window_037,10.836208,3,Parking_56 -> Door_121 -> Circulation_012 -> Window_037
object_1,Window_042,9.845966,3,object_1 -> Door_017 -> 02_Retail_space -> Window_042
Parking_54,Window_037,9.595126,3,Parking_54 -> Door_123 -> Circulation_012 -> Window_037
011_BAthroom_community_hall_02,Door_031,9.221182,3,011_BAthroom_community_hall_02 -> Door_027 -> 011_community_hall -> Door_031
object_3,Window_030,9.090814,3,object_3 -> Door_015 -> 04_Common_Space -> Window_030
03_service kitchenette,Window_030,8.995224,3,03_service kitchenette -> Door_016 -> 04_Common_Space -> Window_030
Parking_55,Window_037,8.480381,3,Parking_55 -> Door_122 -> Circulation_012 -> Window_037
object_2,Window_030,8.232534,3,object_2 -> Door_016 -> 04_Common_Space -> Window_030
Parking_98,Window_022,8.074463,3,Parking_98 -> Window_025 -> Parking_99 -> Window_022
08_Gym,Door_036,6.779094,1,08_Gym -> Door_036
02_Retail_space,Window_042,6.061636,1,02_Retail_space -> Window_042
04_Common_Space,Window_030,5.662254,1,04_Common_Space -> Window_030
Circulation_012,Window_037,4.339769,1,Circulation_012 -> Window_037
011_community_hall,Door_031,3.660896,1,011_community_hall -> Door_031
06_Major_Office,Door_026,3.464726,1,06_Major_Office -> Door_026
05_FAmily_Room,Door_025,3.095808,1,05_FAmily_Room -> Door_025
recycling_room_01,Door_048,2.453493,1,recycling_room_01 -> Door_048
Parking_93,Window_020,1.901165,1,Parking_93 -> Window_020
Parking_99,Window_022,1.901165,1,Parking_99 -> Window_022
Parking_85,Window_016,1.901155,1,Parking_85 -> Window_016
Parking_77,Window_008,1.901084,1,Parking_77 -> Window_008
Parking_66,Window_012,1.387882,1,Parking_66 -> Window_012
